{
    "sea_battle": {
        "gpt-3.5": 1735.76286209407,
        "gpt-4": 1199.8133688769597,
        "random": 1495.4439965713034,
        "gpt-4-cot": 1612.379235014538,
        "gpt-3.5-bap": 1418.3054154521074,
        "gpt3cot": 1509.8712265641877,
        "gpt3b&p": 1528.423895426834
    },
    "tic_tac_toe": {
        "random": 1484.2166867609455,
        "gpt-3.5": 1494.800566147782,
        "gpt-4": 1493.4909476931325
    },
    "santorini": {},
    "two_rooms_and_a_boom": {},
    "pit": {
        "random": 1511.7084861590854,
        "gpt-3.5": 1494.800566147782,
        "gpt-4": 1493.4909476931325
    },
    "atari_boxing": {
        "gpt3": 1481.4481791645003,
        "random": 2894.5518208355
    }
}