{
  "tic_tac_toe": {
    "random": 1511.7084861590854,
    "gpt-3.5": 1494.800566147782,
    "gpt-4": 1493.4909476931325
  },

  "pit": {
    "random": 1511.7084861590854,
    "gpt-3.5": 1494.800566147782,
    "gpt-4": 1493.4909476931325
  }
}
