{
    "sea-battle": {},
    "sea_battle": {
        "gpt-3.5": 1735.76286209407,
        "gpt-4": 1199.8133688769597,
        "random": 1495.4439965713034,
        "gpt-4-cot": 1612.379235014538,
        "gpt-3.5-bap": 1418.3054154521074,
        "gpt3cot": 1509.8712265641877,
        "gpt3b&p": 1528.423895426834
    }
}