{
    "sea-battle": {},
    "sea_battle": {
        "gpt-3.5": 1735.76286209407,
        "gpt-4": 1269.1323017276861,
        "random": 1466.3892593724324,
        "gpt-4-cot": 1533.6107406275676,
        "gpt-3.5-bap": 1474.4055915673775,
        "gpt3cot": 1520.6992446108663
    }
}